distribution,new_distribution,floor
webview2-Microsoft.Web.WebView2.Core,winrt-Microsoft.Web.WebView2,>=4!1.0.4191.47
winrt-Microsoft.UI.Xaml,,
winrt-Windows.AI.Actions,winrt-Windows.AI.Actions,>=4!10.0.28000.2705
winrt-Windows.AI.Actions.Hosting,winrt-Windows.AI.Actions.Hosting,>=4!10.0.28000.2705
winrt-Windows.AI.Actions.Provider,winrt-Windows.AI.Actions.Provider,>=4!10.0.28000.2705
winrt-Windows.AI.MachineLearning,winrt-Windows.AI.MachineLearning,>=4!10.0.28000.2705
winrt-Windows.AI.MachineLearning.Preview,winrt-Windows.AI.MachineLearning.Preview,>=4!10.0.28000.2705
winrt-Windows.AI.ModelContextProtocol,,
winrt-Windows.ApplicationModel,winrt-Windows.ApplicationModel,>=4!10.0.28000.2705
winrt-Windows.ApplicationModel.Activation,winrt-Windows.ApplicationModel.Activation,>=4!10.0.28000.2705
winrt-Windows.ApplicationModel.AppExtensions,winrt-Windows.ApplicationModel.AppExtensions,>=4!10.0.28000.2705
winrt-Windows.ApplicationModel.AppService,winrt-Windows.ApplicationModel.AppService,>=4!10.0.28000.2705
winrt-Windows.ApplicationModel.Appointments,winrt-Windows.ApplicationModel.Appointments,>=4!10.0.28000.2705
winrt-Windows.ApplicationModel.Appointments.AppointmentsProvider,winrt-Windows.ApplicationModel.Appointments.AppointmentsProvider,>=4!10.0.28000.2705
winrt-Windows.ApplicationModel.Appointments.DataProvider,winrt-Windows.ApplicationModel.Appointments.DataProvider,>=4!10.0.28000.2705
winrt-Windows.ApplicationModel.Background,winrt-Windows.ApplicationModel.Background,>=4!10.0.28000.2705
winrt-Windows.ApplicationModel.Calls,winrt-Windows.ApplicationModel.Calls,>=4!10.0.28000.2705
winrt-Windows.ApplicationModel.Calls.Background,winrt-Windows.ApplicationModel.Calls.Background,>=4!10.0.28000.2705
winrt-Windows.ApplicationModel.Calls.Provider,winrt-Windows.ApplicationModel.Calls.Provider,>=4!10.0.28000.2705
winrt-Windows.ApplicationModel.Chat,winrt-Windows.ApplicationModel.Chat,>=4!10.0.28000.2705
winrt-Windows.ApplicationModel.CommunicationBlocking,winrt-Windows.ApplicationModel.CommunicationBlocking,>=4!10.0.28000.2705
winrt-Windows.ApplicationModel.Contacts,winrt-Windows.ApplicationModel.Contacts,>=4!10.0.28000.2705
winrt-Windows.ApplicationModel.Contacts.DataProvider,winrt-Windows.ApplicationModel.Contacts.DataProvider,>=4!10.0.28000.2705
winrt-Windows.ApplicationModel.Contacts.Provider,winrt-Windows.ApplicationModel.Contacts.Provider,>=4!10.0.28000.2705
winrt-Windows.ApplicationModel.ConversationalAgent,winrt-Windows.ApplicationModel.ConversationalAgent,>=4!10.0.28000.2705
winrt-Windows.ApplicationModel.Core,winrt-Windows.ApplicationModel.Core,>=4!10.0.28000.2705
winrt-Windows.ApplicationModel.DataTransfer,winrt-Windows.ApplicationModel.DataTransfer,>=4!10.0.28000.2705
winrt-Windows.ApplicationModel.DataTransfer.DragDrop,winrt-Windows.ApplicationModel.DataTransfer.DragDrop,>=4!10.0.28000.2705
winrt-Windows.ApplicationModel.DataTransfer.DragDrop.Core,winrt-Windows.ApplicationModel.DataTransfer.DragDrop.Core,>=4!10.0.28000.2705
winrt-Windows.ApplicationModel.DataTransfer.ShareTarget,winrt-Windows.ApplicationModel.DataTransfer.ShareTarget,>=4!10.0.28000.2705
winrt-Windows.ApplicationModel.Email,winrt-Windows.ApplicationModel.Email,>=4!10.0.28000.2705
winrt-Windows.ApplicationModel.Email.DataProvider,winrt-Windows.ApplicationModel.Email.DataProvider,>=4!10.0.28000.2705
winrt-Windows.ApplicationModel.ExtendedExecution,winrt-Windows.ApplicationModel.ExtendedExecution,>=4!10.0.28000.2705
winrt-Windows.ApplicationModel.ExtendedExecution.Foreground,winrt-Windows.ApplicationModel.ExtendedExecution.Foreground,>=4!10.0.28000.2705
winrt-Windows.ApplicationModel.Holographic,winrt-Windows.ApplicationModel.Holographic,>=4!10.0.28000.2705
winrt-Windows.ApplicationModel.LockScreen,winrt-Windows.ApplicationModel.LockScreen,>=4!10.0.28000.2705
winrt-Windows.ApplicationModel.PackageExtensions,winrt-Windows.ApplicationModel.PackageExtensions,>=4!10.0.28000.2705
winrt-Windows.ApplicationModel.Payments,winrt-Windows.ApplicationModel.Payments,>=4!10.0.28000.2705
winrt-Windows.ApplicationModel.Payments.Provider,winrt-Windows.ApplicationModel.Payments.Provider,>=4!10.0.28000.2705
winrt-Windows.ApplicationModel.Preview.Holographic,winrt-Windows.ApplicationModel.Preview.Holographic,>=4!10.0.28000.2705
winrt-Windows.ApplicationModel.Preview.InkWorkspace,winrt-Windows.ApplicationModel.Preview.InkWorkspace,>=4!10.0.28000.2705
winrt-Windows.ApplicationModel.Preview.Notes,winrt-Windows.ApplicationModel.Preview.Notes,>=4!10.0.28000.2705
winrt-Windows.ApplicationModel.Resources,winrt-Windows.ApplicationModel.Resources,>=4!10.0.28000.2705
winrt-Windows.ApplicationModel.Resources.Core,winrt-Windows.ApplicationModel.Resources.Core,>=4!10.0.28000.2705
winrt-Windows.ApplicationModel.Resources.Management,winrt-Windows.ApplicationModel.Resources.Management,>=4!10.0.28000.2705
winrt-Windows.ApplicationModel.Search,winrt-Windows.ApplicationModel.Search,>=4!10.0.28000.2705
winrt-Windows.ApplicationModel.Search.Core,winrt-Windows.ApplicationModel.Search.Core,>=4!10.0.28000.2705
winrt-Windows.ApplicationModel.SocialInfo,winrt-Windows.ApplicationModel.SocialInfo,>=4!10.0.28000.2705
winrt-Windows.ApplicationModel.SocialInfo.Provider,winrt-Windows.ApplicationModel.SocialInfo.Provider,>=4!10.0.28000.2705
winrt-Windows.ApplicationModel.Store,winrt-Windows.ApplicationModel.Store,>=4!10.0.28000.2705
winrt-Windows.ApplicationModel.Store.LicenseManagement,winrt-Windows.ApplicationModel.Store.LicenseManagement,>=4!10.0.28000.2705
winrt-Windows.ApplicationModel.Store.Preview,winrt-Windows.ApplicationModel.Store.Preview,>=4!10.0.28000.2705
winrt-Windows.ApplicationModel.Store.Preview.InstallControl,winrt-Windows.ApplicationModel.Store.Preview.InstallControl,>=4!10.0.28000.2705
winrt-Windows.ApplicationModel.UserActivities,winrt-Windows.ApplicationModel.UserActivities,>=4!10.0.28000.2705
winrt-Windows.ApplicationModel.UserActivities.Core,winrt-Windows.ApplicationModel.UserActivities.Core,>=4!10.0.28000.2705
winrt-Windows.ApplicationModel.UserDataAccounts,winrt-Windows.ApplicationModel.UserDataAccounts,>=4!10.0.28000.2705
winrt-Windows.ApplicationModel.UserDataAccounts.Provider,winrt-Windows.ApplicationModel.UserDataAccounts.Provider,>=4!10.0.28000.2705
winrt-Windows.ApplicationModel.UserDataAccounts.SystemAccess,winrt-Windows.ApplicationModel.UserDataAccounts.SystemAccess,>=4!10.0.28000.2705
winrt-Windows.ApplicationModel.UserDataTasks,winrt-Windows.ApplicationModel.UserDataTasks,>=4!10.0.28000.2705
winrt-Windows.ApplicationModel.UserDataTasks.DataProvider,winrt-Windows.ApplicationModel.UserDataTasks.DataProvider,>=4!10.0.28000.2705
winrt-Windows.ApplicationModel.VoiceCommands,winrt-Windows.ApplicationModel.VoiceCommands,>=4!10.0.28000.2705
winrt-Windows.ApplicationModel.Wallet,winrt-Windows.ApplicationModel.Wallet,>=4!10.0.28000.2705
winrt-Windows.ApplicationModel.Wallet.System,winrt-Windows.ApplicationModel.Wallet.System,>=4!10.0.28000.2705
winrt-Windows.Data.Html,winrt-Windows.Data.Html,>=4!10.0.28000.2705
winrt-Windows.Data.Json,winrt-Windows.Data.Json,>=4!10.0.28000.2705
winrt-Windows.Data.Pdf,winrt-Windows.Data.Pdf,>=4!10.0.28000.2705
winrt-Windows.Data.Text,winrt-Windows.Data.Text,>=4!10.0.28000.2705
winrt-Windows.Data.Xml.Dom,winrt-Windows.Data.Xml.Dom,>=4!10.0.28000.2705
winrt-Windows.Data.Xml.Xsl,winrt-Windows.Data.Xml.Xsl,>=4!10.0.28000.2705
winrt-Windows.Devices,winrt-Windows.Devices,>=4!10.0.28000.2705
winrt-Windows.Devices.Adc,winrt-Windows.Devices.Adc,>=4!10.0.28000.2705
winrt-Windows.Devices.Adc.Provider,winrt-Windows.Devices.Adc.Provider,>=4!10.0.28000.2705
winrt-Windows.Devices.Background,winrt-Windows.Devices.Background,>=4!10.0.28000.2705
winrt-Windows.Devices.Bluetooth,winrt-Windows.Devices.Bluetooth,>=4!10.0.28000.2705
winrt-Windows.Devices.Bluetooth.Advertisement,winrt-Windows.Devices.Bluetooth.Advertisement,>=4!10.0.28000.2705
winrt-Windows.Devices.Bluetooth.Background,winrt-Windows.Devices.Bluetooth.Background,>=4!10.0.28000.2705
winrt-Windows.Devices.Bluetooth.GenericAttributeProfile,winrt-Windows.Devices.Bluetooth.GenericAttributeProfile,>=4!10.0.28000.2705
winrt-Windows.Devices.Bluetooth.Rfcomm,winrt-Windows.Devices.Bluetooth.Rfcomm,>=4!10.0.28000.2705
winrt-Windows.Devices.Custom,winrt-Windows.Devices.Custom,>=4!10.0.28000.2705
winrt-Windows.Devices.Display,winrt-Windows.Devices.Display,>=4!10.0.28000.2705
winrt-Windows.Devices.Display.Core,winrt-Windows.Devices.Display.Core,>=4!10.0.28000.2705
winrt-Windows.Devices.Enumeration,winrt-Windows.Devices.Enumeration,>=4!10.0.28000.2705
winrt-Windows.Devices.Enumeration.Pnp,winrt-Windows.Devices.Enumeration.Pnp,>=4!10.0.28000.2705
winrt-Windows.Devices.Geolocation,winrt-Windows.Devices.Geolocation,>=4!10.0.28000.2705
winrt-Windows.Devices.Geolocation.Geofencing,winrt-Windows.Devices.Geolocation.Geofencing,>=4!10.0.28000.2705
winrt-Windows.Devices.Geolocation.Provider,winrt-Windows.Devices.Geolocation.Provider,>=4!10.0.28000.2705
winrt-Windows.Devices.Gpio,winrt-Windows.Devices.Gpio,>=4!10.0.28000.2705
winrt-Windows.Devices.Gpio.Provider,winrt-Windows.Devices.Gpio.Provider,>=4!10.0.28000.2705
winrt-Windows.Devices.Haptics,winrt-Windows.Devices.Haptics,>=4!10.0.28000.2705
winrt-Windows.Devices.HumanInterfaceDevice,winrt-Windows.Devices.HumanInterfaceDevice,>=4!10.0.28000.2705
winrt-Windows.Devices.I2c,winrt-Windows.Devices.I2c,>=4!10.0.28000.2705
winrt-Windows.Devices.I2c.Provider,winrt-Windows.Devices.I2c.Provider,>=4!10.0.28000.2705
winrt-Windows.Devices.Input,winrt-Windows.Devices.Input,>=4!10.0.28000.2705
winrt-Windows.Devices.Input.Preview,winrt-Windows.Devices.Input.Preview,>=4!10.0.28000.2705
winrt-Windows.Devices.Lights,winrt-Windows.Devices.Lights,>=4!10.0.28000.2705
winrt-Windows.Devices.Lights.Effects,winrt-Windows.Devices.Lights.Effects,>=4!10.0.28000.2705
winrt-Windows.Devices.Midi,winrt-Windows.Devices.Midi,>=4!10.0.28000.2705
winrt-Windows.Devices.Perception,winrt-Windows.Devices.Perception,>=4!10.0.28000.2705
winrt-Windows.Devices.Perception.Provider,winrt-Windows.Devices.Perception.Provider,>=4!10.0.28000.2705
winrt-Windows.Devices.PointOfService,winrt-Windows.Devices.PointOfService,>=4!10.0.28000.2705
winrt-Windows.Devices.PointOfService.Provider,winrt-Windows.Devices.PointOfService.Provider,>=4!10.0.28000.2705
winrt-Windows.Devices.Portable,winrt-Windows.Devices.Portable,>=4!10.0.28000.2705
winrt-Windows.Devices.Power,winrt-Windows.Devices.Power,>=4!10.0.28000.2705
winrt-Windows.Devices.Printers,winrt-Windows.Devices.Printers,>=4!10.0.28000.2705
winrt-Windows.Devices.Printers.Extensions,winrt-Windows.Devices.Printers.Extensions,>=4!10.0.28000.2705
winrt-Windows.Devices.Pwm,winrt-Windows.Devices.Pwm,>=4!10.0.28000.2705
winrt-Windows.Devices.Pwm.Provider,winrt-Windows.Devices.Pwm.Provider,>=4!10.0.28000.2705
winrt-Windows.Devices.Radios,winrt-Windows.Devices.Radios,>=4!10.0.28000.2705
winrt-Windows.Devices.Scanners,winrt-Windows.Devices.Scanners,>=4!10.0.28000.2705
winrt-Windows.Devices.Sensors,winrt-Windows.Devices.Sensors,>=4!10.0.28000.2705
winrt-Windows.Devices.Sensors.Custom,winrt-Windows.Devices.Sensors.Custom,>=4!10.0.28000.2705
winrt-Windows.Devices.SerialCommunication,winrt-Windows.Devices.SerialCommunication,>=4!10.0.28000.2705
winrt-Windows.Devices.SmartCards,winrt-Windows.Devices.SmartCards,>=4!10.0.28000.2705
winrt-Windows.Devices.Sms,winrt-Windows.Devices.Sms,>=4!10.0.28000.2705
winrt-Windows.Devices.Spi,winrt-Windows.Devices.Spi,>=4!10.0.28000.2705
winrt-Windows.Devices.Spi.Provider,winrt-Windows.Devices.Spi.Provider,>=4!10.0.28000.2705
winrt-Windows.Devices.Usb,winrt-Windows.Devices.Usb,>=4!10.0.28000.2705
winrt-Windows.Devices.WiFi,winrt-Windows.Devices.WiFi,>=4!10.0.28000.2705
winrt-Windows.Devices.WiFiDirect,winrt-Windows.Devices.WiFiDirect,>=4!10.0.28000.2705
winrt-Windows.Devices.WiFiDirect.Services,winrt-Windows.Devices.WiFiDirect.Services,>=4!10.0.28000.2705
winrt-Windows.Foundation,winrt-Windows.Foundation,>=4!10.0.28000.2705
winrt-Windows.Foundation.Collections,winrt-Windows.Foundation.Collections,>=4!10.0.28000.2705
winrt-Windows.Foundation.Diagnostics,winrt-Windows.Foundation.Diagnostics,>=4!10.0.28000.2705
winrt-Windows.Foundation.Metadata,winrt-Windows.Foundation.Metadata,>=4!10.0.28000.2705
winrt-Windows.Foundation.Numerics,winrt-Windows.Foundation.Numerics,>=4!10.0.28000.2705
winrt-Windows.Gaming.Input,winrt-Windows.Gaming.Input,>=4!10.0.28000.2705
winrt-Windows.Gaming.Input.Custom,winrt-Windows.Gaming.Input.Custom,>=4!10.0.28000.2705
winrt-Windows.Gaming.Input.ForceFeedback,winrt-Windows.Gaming.Input.ForceFeedback,>=4!10.0.28000.2705
winrt-Windows.Gaming.Input.Preview,winrt-Windows.Gaming.Input.Preview,>=4!10.0.28000.2705
winrt-Windows.Gaming.Preview.GamesEnumeration,winrt-Windows.Gaming.Preview.GamesEnumeration,>=4!10.0.28000.2705
winrt-Windows.Gaming.UI,winrt-Windows.Gaming.UI,>=4!10.0.28000.2705
winrt-Windows.Gaming.XboxLive.Storage,winrt-Windows.Gaming.XboxLive.Storage,>=4!10.0.28000.2705
winrt-Windows.Globalization,winrt-Windows.Globalization,>=4!10.0.28000.2705
winrt-Windows.Globalization.Collation,winrt-Windows.Globalization.Collation,>=4!10.0.28000.2705
winrt-Windows.Globalization.DateTimeFormatting,winrt-Windows.Globalization.DateTimeFormatting,>=4!10.0.28000.2705
winrt-Windows.Globalization.Fonts,winrt-Windows.Globalization.Fonts,>=4!10.0.28000.2705
winrt-Windows.Globalization.NumberFormatting,winrt-Windows.Globalization.NumberFormatting,>=4!10.0.28000.2705
winrt-Windows.Globalization.PhoneNumberFormatting,winrt-Windows.Globalization.PhoneNumberFormatting,>=4!10.0.28000.2705
winrt-Windows.Graphics,winrt-Windows.Graphics,>=4!10.0.28000.2705
winrt-Windows.Graphics.Capture,winrt-Windows.Graphics.Capture,>=4!10.0.28000.2705
winrt-Windows.Graphics.Capture.Interop,winrt-Windows.Graphics.Capture.Interop,>=4.0.0
winrt-Windows.Graphics.DirectX,winrt-Windows.Graphics.DirectX,>=4!10.0.28000.2705
winrt-Windows.Graphics.DirectX.Direct3D11,winrt-Windows.Graphics.DirectX.Direct3D11,>=4!10.0.28000.2705
winrt-Windows.Graphics.DirectX.Direct3D11.Interop,winrt-Windows.Graphics.DirectX.Direct3D11.Interop,>=4.0.0
winrt-Windows.Graphics.Display,winrt-Windows.Graphics.Display,>=4!10.0.28000.2705
winrt-Windows.Graphics.Display.Core,winrt-Windows.Graphics.Display.Core,>=4!10.0.28000.2705
winrt-Windows.Graphics.Effects,winrt-Windows.Graphics.Effects,>=4!10.0.28000.2705
winrt-Windows.Graphics.Holographic,winrt-Windows.Graphics.Holographic,>=4!10.0.28000.2705
winrt-Windows.Graphics.Imaging,winrt-Windows.Graphics.Imaging,>=4!10.0.28000.2705
winrt-Windows.Graphics.Printing,winrt-Windows.Graphics.Printing,>=4!10.0.28000.2705
winrt-Windows.Graphics.Printing.OptionDetails,winrt-Windows.Graphics.Printing.OptionDetails,>=4!10.0.28000.2705
winrt-Windows.Graphics.Printing.PrintSupport,winrt-Windows.Graphics.Printing.PrintSupport,>=4!10.0.28000.2705
winrt-Windows.Graphics.Printing.PrintTicket,winrt-Windows.Graphics.Printing.PrintTicket,>=4!10.0.28000.2705
winrt-Windows.Graphics.Printing.ProtectedPrint,winrt-Windows.Graphics.Printing.ProtectedPrint,>=4!10.0.28000.2705
winrt-Windows.Graphics.Printing.Workflow,winrt-Windows.Graphics.Printing.Workflow,>=4!10.0.28000.2705
winrt-Windows.Graphics.Printing3D,winrt-Windows.Graphics.Printing3D,>=4!10.0.28000.2705
winrt-Windows.Management,winrt-Windows.Management,>=4!10.0.28000.2705
winrt-Windows.Management.Core,winrt-Windows.Management.Core,>=4!10.0.28000.2705
winrt-Windows.Management.Deployment,winrt-Windows.Management.Deployment,>=4!10.0.28000.2705
winrt-Windows.Management.Deployment.Preview,winrt-Windows.Management.Deployment.Preview,>=4!10.0.28000.2705
winrt-Windows.Management.Policies,winrt-Windows.Management.Policies,>=4!10.0.28000.2705
winrt-Windows.Management.Setup,winrt-Windows.Management.Setup,>=4!10.0.28000.2705
winrt-Windows.Management.Update,winrt-Windows.Management.Update,>=4!10.0.28000.2705
winrt-Windows.Management.Workplace,winrt-Windows.Management.Workplace,>=4!10.0.28000.2705
winrt-Windows.Media,winrt-Windows.Media,>=4!10.0.28000.2705
winrt-Windows.Media.AppBroadcasting,winrt-Windows.Media.AppBroadcasting,>=4!10.0.28000.2705
winrt-Windows.Media.AppRecording,winrt-Windows.Media.AppRecording,>=4!10.0.28000.2705
winrt-Windows.Media.Audio,winrt-Windows.Media.Audio,>=4!10.0.28000.2705
winrt-Windows.Media.Capture,winrt-Windows.Media.Capture,>=4!10.0.28000.2705
winrt-Windows.Media.Capture.Core,winrt-Windows.Media.Capture.Core,>=4!10.0.28000.2705
winrt-Windows.Media.Capture.Frames,winrt-Windows.Media.Capture.Frames,>=4!10.0.28000.2705
winrt-Windows.Media.Casting,winrt-Windows.Media.Casting,>=4!10.0.28000.2705
winrt-Windows.Media.ClosedCaptioning,winrt-Windows.Media.ClosedCaptioning,>=4!10.0.28000.2705
winrt-Windows.Media.ContentRestrictions,winrt-Windows.Media.ContentRestrictions,>=4!10.0.28000.2705
winrt-Windows.Media.Control,winrt-Windows.Media.Control,>=4!10.0.28000.2705
winrt-Windows.Media.Core,winrt-Windows.Media.Core,>=4!10.0.28000.2705
winrt-Windows.Media.Core.Preview,winrt-Windows.Media.Core.Preview,>=4!10.0.28000.2705
winrt-Windows.Media.Devices,winrt-Windows.Media.Devices,>=4!10.0.28000.2705
winrt-Windows.Media.Devices.Core,winrt-Windows.Media.Devices.Core,>=4!10.0.28000.2705
winrt-Windows.Media.DialProtocol,winrt-Windows.Media.DialProtocol,>=4!10.0.28000.2705
winrt-Windows.Media.Editing,winrt-Windows.Media.Editing,>=4!10.0.28000.2705
winrt-Windows.Media.Effects,winrt-Windows.Media.Effects,>=4!10.0.28000.2705
winrt-Windows.Media.FaceAnalysis,winrt-Windows.Media.FaceAnalysis,>=4!10.0.28000.2705
winrt-Windows.Media.Import,winrt-Windows.Media.Import,>=4!10.0.28000.2705
winrt-Windows.Media.Interop,winrt-Windows.Media.Interop,>=4.0.0
winrt-Windows.Media.MediaProperties,winrt-Windows.Media.MediaProperties,>=4!10.0.28000.2705
winrt-Windows.Media.Miracast,winrt-Windows.Media.Miracast,>=4!10.0.28000.2705
winrt-Windows.Media.Ocr,winrt-Windows.Media.Ocr,>=4!10.0.28000.2705
winrt-Windows.Media.PlayTo,winrt-Windows.Media.PlayTo,>=4!10.0.28000.2705
winrt-Windows.Media.Playback,winrt-Windows.Media.Playback,>=4!10.0.28000.2705
winrt-Windows.Media.Playlists,winrt-Windows.Media.Playlists,>=4!10.0.28000.2705
winrt-Windows.Media.Protection,winrt-Windows.Media.Protection,>=4!10.0.28000.2705
winrt-Windows.Media.Protection.PlayReady,winrt-Windows.Media.Protection.PlayReady,>=4!10.0.28000.2705
winrt-Windows.Media.Render,winrt-Windows.Media.Render,>=4!10.0.28000.2705
winrt-Windows.Media.SpeechRecognition,winrt-Windows.Media.SpeechRecognition,>=4!10.0.28000.2705
winrt-Windows.Media.SpeechSynthesis,winrt-Windows.Media.SpeechSynthesis,>=4!10.0.28000.2705
winrt-Windows.Media.Streaming.Adaptive,winrt-Windows.Media.Streaming.Adaptive,>=4!10.0.28000.2705
winrt-Windows.Media.Transcoding,winrt-Windows.Media.Transcoding,>=4!10.0.28000.2705
winrt-Windows.Networking,winrt-Windows.Networking,>=4!10.0.28000.2705
winrt-Windows.Networking.BackgroundTransfer,winrt-Windows.Networking.BackgroundTransfer,>=4!10.0.28000.2705
winrt-Windows.Networking.Connectivity,winrt-Windows.Networking.Connectivity,>=4!10.0.28000.2705
winrt-Windows.Networking.NetworkOperators,winrt-Windows.Networking.NetworkOperators,>=4!10.0.28000.2705
winrt-Windows.Networking.Proximity,winrt-Windows.Networking.Proximity,>=4!10.0.28000.2705
winrt-Windows.Networking.PushNotifications,winrt-Windows.Networking.PushNotifications,>=4!10.0.28000.2705
winrt-Windows.Networking.ServiceDiscovery.Dnssd,winrt-Windows.Networking.ServiceDiscovery.Dnssd,>=4!10.0.28000.2705
winrt-Windows.Networking.Sockets,winrt-Windows.Networking.Sockets,>=4!10.0.28000.2705
winrt-Windows.Networking.Vpn,winrt-Windows.Networking.Vpn,>=4!10.0.28000.2705
winrt-Windows.Networking.XboxLive,winrt-Windows.Networking.XboxLive,>=4!10.0.28000.2705
winrt-Windows.Perception,winrt-Windows.Perception,>=4!10.0.28000.2705
winrt-Windows.Perception.Automation.Core,winrt-Windows.Perception.Automation.Core,>=4!10.0.28000.2705
winrt-Windows.Perception.People,winrt-Windows.Perception.People,>=4!10.0.28000.2705
winrt-Windows.Perception.Spatial,winrt-Windows.Perception.Spatial,>=4!10.0.28000.2705
winrt-Windows.Perception.Spatial.Preview,winrt-Windows.Perception.Spatial.Preview,>=4!10.0.28000.2705
winrt-Windows.Perception.Spatial.Surfaces,winrt-Windows.Perception.Spatial.Surfaces,>=4!10.0.28000.2705
winrt-Windows.Security.Authentication.Identity,winrt-Windows.Security.Authentication.Identity,>=4!10.0.28000.2705
winrt-Windows.Security.Authentication.Identity.Core,winrt-Windows.Security.Authentication.Identity.Core,>=4!10.0.28000.2705
winrt-Windows.Security.Authentication.Identity.Provider,winrt-Windows.Security.Authentication.Identity.Provider,>=4!10.0.28000.2705
winrt-Windows.Security.Authentication.OnlineId,winrt-Windows.Security.Authentication.OnlineId,>=4!10.0.28000.2705
winrt-Windows.Security.Authentication.Web,winrt-Windows.Security.Authentication.Web,>=4!10.0.28000.2705
winrt-Windows.Security.Authentication.Web.Core,winrt-Windows.Security.Authentication.Web.Core,>=4!10.0.28000.2705
winrt-Windows.Security.Authentication.Web.Provider,winrt-Windows.Security.Authentication.Web.Provider,>=4!10.0.28000.2705
winrt-Windows.Security.Authorization.AppCapabilityAccess,winrt-Windows.Security.Authorization.AppCapabilityAccess,>=4!10.0.28000.2705
winrt-Windows.Security.Credentials,winrt-Windows.Security.Credentials,>=4!10.0.28000.2705
winrt-Windows.Security.Credentials.UI,winrt-Windows.Security.Credentials.UI,>=4!10.0.28000.2705
winrt-Windows.Security.Cryptography,winrt-Windows.Security.Cryptography,>=4!10.0.28000.2705
winrt-Windows.Security.Cryptography.Certificates,winrt-Windows.Security.Cryptography.Certificates,>=4!10.0.28000.2705
winrt-Windows.Security.Cryptography.Core,winrt-Windows.Security.Cryptography.Core,>=4!10.0.28000.2705
winrt-Windows.Security.Cryptography.DataProtection,winrt-Windows.Security.Cryptography.DataProtection,>=4!10.0.28000.2705
winrt-Windows.Security.DataProtection,winrt-Windows.Security.DataProtection,>=4!10.0.28000.2705
winrt-Windows.Security.EnterpriseData,winrt-Windows.Security.EnterpriseData,>=4!10.0.28000.2705
winrt-Windows.Security.ExchangeActiveSyncProvisioning,winrt-Windows.Security.ExchangeActiveSyncProvisioning,>=4!10.0.28000.2705
winrt-Windows.Security.Isolation,winrt-Windows.Security.Isolation,>=4!10.0.28000.2705
winrt-Windows.Services.Cortana,winrt-Windows.Services.Cortana,>=4!10.0.28000.2705
winrt-Windows.Services.Maps,winrt-Windows.Services.Maps,>=4!10.0.28000.2705
winrt-Windows.Services.Maps.Guidance,winrt-Windows.Services.Maps.Guidance,>=4!10.0.28000.2705
winrt-Windows.Services.Maps.LocalSearch,winrt-Windows.Services.Maps.LocalSearch,>=4!10.0.28000.2705
winrt-Windows.Services.Maps.OfflineMaps,winrt-Windows.Services.Maps.OfflineMaps,>=4!10.0.28000.2705
winrt-Windows.Services.Store,winrt-Windows.Services.Store,>=4!10.0.28000.2705
winrt-Windows.Services.TargetedContent,winrt-Windows.Services.TargetedContent,>=4!10.0.28000.2705
winrt-Windows.Storage,winrt-Windows.Storage,>=4!10.0.28000.2705
winrt-Windows.Storage.AccessCache,winrt-Windows.Storage.AccessCache,>=4!10.0.28000.2705
winrt-Windows.Storage.BulkAccess,winrt-Windows.Storage.BulkAccess,>=4!10.0.28000.2705
winrt-Windows.Storage.Compression,winrt-Windows.Storage.Compression,>=4!10.0.28000.2705
winrt-Windows.Storage.FileProperties,winrt-Windows.Storage.FileProperties,>=4!10.0.28000.2705
winrt-Windows.Storage.Pickers,winrt-Windows.Storage.Pickers,>=4!10.0.28000.2705
winrt-Windows.Storage.Pickers.Provider,winrt-Windows.Storage.Pickers.Provider,>=4!10.0.28000.2705
winrt-Windows.Storage.Provider,winrt-Windows.Storage.Provider,>=4!10.0.28000.2705
winrt-Windows.Storage.Search,winrt-Windows.Storage.Search,>=4!10.0.28000.2705
winrt-Windows.Storage.Streams,winrt-Windows.Storage.Streams,>=4!10.0.28000.2705
winrt-Windows.System,winrt-Windows.System,>=4!10.0.28000.2705
winrt-Windows.System.Diagnostics,winrt-Windows.System.Diagnostics,>=4!10.0.28000.2705
winrt-Windows.System.Diagnostics.DevicePortal,winrt-Windows.System.Diagnostics.DevicePortal,>=4!10.0.28000.2705
winrt-Windows.System.Diagnostics.Telemetry,winrt-Windows.System.Diagnostics.Telemetry,>=4!10.0.28000.2705
winrt-Windows.System.Diagnostics.TraceReporting,winrt-Windows.System.Diagnostics.TraceReporting,>=4!10.0.28000.2705
winrt-Windows.System.Display,winrt-Windows.System.Display,>=4!10.0.28000.2705
winrt-Windows.System.Implementation.FileExplorer,winrt-Windows.System.Implementation.FileExplorer,>=4!10.0.28000.2705
winrt-Windows.System.Interop,winrt-Windows.System.Interop,>=4.0.0
winrt-Windows.System.Inventory,winrt-Windows.System.Inventory,>=4!10.0.28000.2705
winrt-Windows.System.Power,winrt-Windows.System.Power,>=4!10.0.28000.2705
winrt-Windows.System.Power.Diagnostics,winrt-Windows.System.Power.Diagnostics,>=4!10.0.28000.2705
winrt-Windows.System.Preview,winrt-Windows.System.Preview,>=4!10.0.28000.2705
winrt-Windows.System.Profile,winrt-Windows.System.Profile,>=4!10.0.28000.2705
winrt-Windows.System.Profile.SystemManufacturers,winrt-Windows.System.Profile.SystemManufacturers,>=4!10.0.28000.2705
winrt-Windows.System.RemoteDesktop,winrt-Windows.System.RemoteDesktop,>=4!10.0.28000.2705
winrt-Windows.System.RemoteDesktop.Input,winrt-Windows.System.RemoteDesktop.Input,>=4!10.0.28000.2705
winrt-Windows.System.RemoteDesktop.Provider,winrt-Windows.System.RemoteDesktop.Provider,>=4!10.0.28000.2705
winrt-Windows.System.RemoteSystems,winrt-Windows.System.RemoteSystems,>=4!10.0.28000.2705
winrt-Windows.System.Threading,winrt-Windows.System.Threading,>=4!10.0.28000.2705
winrt-Windows.System.Threading.Core,winrt-Windows.System.Threading.Core,>=4!10.0.28000.2705
winrt-Windows.System.Update,winrt-Windows.System.Update,>=4!10.0.28000.2705
winrt-Windows.System.UserProfile,winrt-Windows.System.UserProfile,>=4!10.0.28000.2705
winrt-Windows.UI,winrt-Windows.UI,>=4!10.0.28000.2705
winrt-Windows.UI.Accessibility,winrt-Windows.UI.Accessibility,>=4!10.0.28000.2705
winrt-Windows.UI.ApplicationSettings,winrt-Windows.UI.ApplicationSettings,>=4!10.0.28000.2705
winrt-Windows.UI.Composition,winrt-Windows.UI.Composition,>=4!10.0.28000.2705
winrt-Windows.UI.Composition.Core,winrt-Windows.UI.Composition.Core,>=4!10.0.28000.2705
winrt-Windows.UI.Composition.Desktop,winrt-Windows.UI.Composition.Desktop,>=4!10.0.28000.2705
winrt-Windows.UI.Composition.Diagnostics,winrt-Windows.UI.Composition.Diagnostics,>=4!10.0.28000.2705
winrt-Windows.UI.Composition.Effects,winrt-Windows.UI.Composition.Effects,>=4!10.0.28000.2705
winrt-Windows.UI.Composition.Interactions,winrt-Windows.UI.Composition.Interactions,>=4!10.0.28000.2705
winrt-Windows.UI.Composition.Interop,winrt-Windows.UI.Composition.Interop,>=4.0.0
winrt-Windows.UI.Composition.Scenes,winrt-Windows.UI.Composition.Scenes,>=4!10.0.28000.2705
winrt-Windows.UI.Core,winrt-Windows.UI.Core,>=4!10.0.28000.2705
winrt-Windows.UI.Core.AnimationMetrics,winrt-Windows.UI.Core.AnimationMetrics,>=4!10.0.28000.2705
winrt-Windows.UI.Core.Preview,winrt-Windows.UI.Core.Preview,>=4!10.0.28000.2705
winrt-Windows.UI.Input,winrt-Windows.UI.Input,>=4!10.0.28000.2705
winrt-Windows.UI.Input.Core,winrt-Windows.UI.Input.Core,>=4!10.0.28000.2705
winrt-Windows.UI.Input.Inking,winrt-Windows.UI.Input.Inking,>=4!10.0.28000.2705
winrt-Windows.UI.Input.Inking.Analysis,winrt-Windows.UI.Input.Inking.Analysis,>=4!10.0.28000.2705
winrt-Windows.UI.Input.Inking.Core,winrt-Windows.UI.Input.Inking.Core,>=4!10.0.28000.2705
winrt-Windows.UI.Input.Inking.Preview,winrt-Windows.UI.Input.Inking.Preview,>=4!10.0.28000.2705
winrt-Windows.UI.Input.Preview,winrt-Windows.UI.Input.Preview,>=4!10.0.28000.2705
winrt-Windows.UI.Input.Preview.Injection,winrt-Windows.UI.Input.Preview.Injection,>=4!10.0.28000.2705
winrt-Windows.UI.Input.Spatial,winrt-Windows.UI.Input.Spatial,>=4!10.0.28000.2705
winrt-Windows.UI.Notifications,winrt-Windows.UI.Notifications,>=4!10.0.28000.2705
winrt-Windows.UI.Notifications.Management,winrt-Windows.UI.Notifications.Management,>=4!10.0.28000.2705
winrt-Windows.UI.Notifications.Preview,winrt-Windows.UI.Notifications.Preview,>=4!10.0.28000.2705
winrt-Windows.UI.Popups,winrt-Windows.UI.Popups,>=4!10.0.28000.2705
winrt-Windows.UI.Shell,winrt-Windows.UI.Shell,>=4!10.0.28000.2705
winrt-Windows.UI.StartScreen,winrt-Windows.UI.StartScreen,>=4!10.0.28000.2705
winrt-Windows.UI.Text,winrt-Windows.UI.Text,>=4!10.0.28000.2705
winrt-Windows.UI.Text.Core,winrt-Windows.UI.Text.Core,>=4!10.0.28000.2705
winrt-Windows.UI.UIAutomation,winrt-Windows.UI.UIAutomation,>=4!10.0.28000.2705
winrt-Windows.UI.UIAutomation.Core,winrt-Windows.UI.UIAutomation.Core,>=4!10.0.28000.2705
winrt-Windows.UI.ViewManagement,winrt-Windows.UI.ViewManagement,>=4!10.0.28000.2705
winrt-Windows.UI.ViewManagement.Core,winrt-Windows.UI.ViewManagement.Core,>=4!10.0.28000.2705
winrt-Windows.UI.WebUI,winrt-Windows.UI.WebUI,>=4!10.0.28000.2705
winrt-Windows.UI.WindowManagement,winrt-Windows.UI.WindowManagement,>=4!10.0.28000.2705
winrt-Windows.UI.WindowManagement.Preview,winrt-Windows.UI.WindowManagement.Preview,>=4!10.0.28000.2705
winrt-Windows.UI.Xaml,winrt-Windows.UI.Xaml,>=4!10.0.28000.2705
winrt-Windows.UI.Xaml.Automation,winrt-Windows.UI.Xaml.Automation,>=4!10.0.28000.2705
winrt-Windows.UI.Xaml.Automation.Peers,winrt-Windows.UI.Xaml.Automation.Peers,>=4!10.0.28000.2705
winrt-Windows.UI.Xaml.Automation.Provider,winrt-Windows.UI.Xaml.Automation.Provider,>=4!10.0.28000.2705
winrt-Windows.UI.Xaml.Automation.Text,winrt-Windows.UI.Xaml.Automation.Text,>=4!10.0.28000.2705
winrt-Windows.UI.Xaml.Controls,winrt-Windows.UI.Xaml.Controls,>=4!10.0.28000.2705
winrt-Windows.UI.Xaml.Controls.Maps,winrt-Windows.UI.Xaml.Controls.Maps,>=4!10.0.28000.2705
winrt-Windows.UI.Xaml.Controls.Primitives,winrt-Windows.UI.Xaml.Controls.Primitives,>=4!10.0.28000.2705
winrt-Windows.UI.Xaml.Core.Direct,winrt-Windows.UI.Xaml.Core.Direct,>=4!10.0.28000.2705
winrt-Windows.UI.Xaml.Data,winrt-Windows.UI.Xaml.Data,>=4!10.0.28000.2705
winrt-Windows.UI.Xaml.Documents,winrt-Windows.UI.Xaml.Documents,>=4!10.0.28000.2705
winrt-Windows.UI.Xaml.Hosting,winrt-Windows.UI.Xaml.Hosting,>=4!10.0.28000.2705
winrt-Windows.UI.Xaml.Hosting.Interop,winrt-Windows.UI.Xaml.Hosting.Interop,>=4.0.0
winrt-Windows.UI.Xaml.Input,winrt-Windows.UI.Xaml.Input,>=4!10.0.28000.2705
winrt-Windows.UI.Xaml.Interop,winrt-Windows.UI.Xaml.Interop,>=4!10.0.28000.2705
winrt-Windows.UI.Xaml.Markup,winrt-Windows.UI.Xaml.Markup,>=4!10.0.28000.2705
winrt-Windows.UI.Xaml.Media,winrt-Windows.UI.Xaml.Media,>=4!10.0.28000.2705
winrt-Windows.UI.Xaml.Media.Animation,winrt-Windows.UI.Xaml.Media.Animation,>=4!10.0.28000.2705
winrt-Windows.UI.Xaml.Media.Imaging,winrt-Windows.UI.Xaml.Media.Imaging,>=4!10.0.28000.2705
winrt-Windows.UI.Xaml.Media.Media3D,winrt-Windows.UI.Xaml.Media.Media3D,>=4!10.0.28000.2705
winrt-Windows.UI.Xaml.Navigation,winrt-Windows.UI.Xaml.Navigation,>=4!10.0.28000.2705
winrt-Windows.UI.Xaml.Printing,winrt-Windows.UI.Xaml.Printing,>=4!10.0.28000.2705
winrt-Windows.UI.Xaml.Resources,winrt-Windows.UI.Xaml.Resources,>=4!10.0.28000.2705
winrt-Windows.UI.Xaml.Shapes,winrt-Windows.UI.Xaml.Shapes,>=4!10.0.28000.2705
winrt-Windows.Web,winrt-Windows.Web,>=4!10.0.28000.2705
winrt-Windows.Web.AtomPub,winrt-Windows.Web.AtomPub,>=4!10.0.28000.2705
winrt-Windows.Web.Http,winrt-Windows.Web.Http,>=4!10.0.28000.2705
winrt-Windows.Web.Http.Diagnostics,winrt-Windows.Web.Http.Diagnostics,>=4!10.0.28000.2705
winrt-Windows.Web.Http.Filters,winrt-Windows.Web.Http.Filters,>=4!10.0.28000.2705
winrt-Windows.Web.Http.Headers,winrt-Windows.Web.Http.Headers,>=4!10.0.28000.2705
winrt-Windows.Web.Syndication,winrt-Windows.Web.Syndication,>=4!10.0.28000.2705
winrt-Windows.Web.UI,winrt-Windows.Web.UI,>=4!10.0.28000.2705
winrt-Windows.Web.UI.Interop,winrt-Windows.Web.UI.Interop,>=4!10.0.28000.2705
winrt-WindowsAppSDK,,
winrt-runtime,winrt-runtime,>=4.0.0
winrt-sdk,,
winui2-Microsoft.UI.Xaml.Automation.Peers,winui2-Microsoft.UI.Xaml,>=4!2.8.7
winui2-Microsoft.UI.Xaml.Controls,winui2-Microsoft.UI.Xaml,>=4!2.8.7
winui2-Microsoft.UI.Xaml.Controls.AnimatedVisuals,winui2-Microsoft.UI.Xaml,>=4!2.8.7
winui2-Microsoft.UI.Xaml.Controls.Primitives,winui2-Microsoft.UI.Xaml,>=4!2.8.7
winui2-Microsoft.UI.Xaml.Media,winui2-Microsoft.UI.Xaml,>=4!2.8.7
winui2-Microsoft.UI.Xaml.XamlTypeInfo,winui2-Microsoft.UI.Xaml,>=4!2.8.7
winui3-Microsoft.Graphics.DirectX,winrt-Microsoft.WindowsAppSDK.InteractiveExperiences,>=4!2.5.1
winui3-Microsoft.Graphics.Display,winrt-Microsoft.WindowsAppSDK.InteractiveExperiences,>=4!2.5.1
winui3-Microsoft.Graphics.Imaging,winrt-Microsoft.WindowsAppSDK.AI,>=4!2.5.1
winui3-Microsoft.Security.Authentication.OAuth,winrt-Microsoft.WindowsAppSDK.Foundation,>=4!2.5.1
winui3-Microsoft.UI,winrt-Microsoft.WindowsAppSDK.InteractiveExperiences,>=4!2.5.1
winui3-Microsoft.UI.Composition,winrt-Microsoft.WindowsAppSDK.InteractiveExperiences,>=4!2.5.1
winui3-Microsoft.UI.Composition.Core,winrt-Microsoft.WindowsAppSDK.InteractiveExperiences,>=4!2.5.1
winui3-Microsoft.UI.Composition.Diagnostics,winrt-Microsoft.WindowsAppSDK.InteractiveExperiences,>=4!2.5.1
winui3-Microsoft.UI.Composition.Effects,winrt-Microsoft.WindowsAppSDK.InteractiveExperiences,>=4!2.5.1
winui3-Microsoft.UI.Composition.Interactions,winrt-Microsoft.WindowsAppSDK.InteractiveExperiences,>=4!2.5.1
winui3-Microsoft.UI.Composition.Scenes,winrt-Microsoft.WindowsAppSDK.InteractiveExperiences,>=4!2.5.1
winui3-Microsoft.UI.Composition.SystemBackdrops,winrt-Microsoft.WindowsAppSDK.InteractiveExperiences,>=4!2.5.1
winui3-Microsoft.UI.Content,winrt-Microsoft.WindowsAppSDK.InteractiveExperiences,>=4!2.5.1
winui3-Microsoft.UI.Dispatching,winrt-Microsoft.WindowsAppSDK.InteractiveExperiences,>=4!2.5.1
winui3-Microsoft.UI.Input,winrt-Microsoft.WindowsAppSDK.InteractiveExperiences,>=4!2.5.1
winui3-Microsoft.UI.Input.DragDrop,winrt-Microsoft.WindowsAppSDK.InteractiveExperiences,>=4!2.5.1
winui3-Microsoft.UI.Input.Interop,winrt-Microsoft.WindowsAppSDK.InteractiveExperiences,>=4!2.5.1
winui3-Microsoft.UI.Interop,winrt-Microsoft.UI.Interop,>=4.0.0
winui3-Microsoft.UI.System,winrt-Microsoft.WindowsAppSDK.InteractiveExperiences,>=4!2.5.1
winui3-Microsoft.UI.Text,winrt-Microsoft.WindowsAppSDK.WinUI,>=4!2.5.1
winui3-Microsoft.UI.Windowing,winrt-Microsoft.WindowsAppSDK.InteractiveExperiences,>=4!2.5.1
winui3-Microsoft.UI.Xaml,winrt-Microsoft.WindowsAppSDK.WinUI,>=4!2.5.1
winui3-Microsoft.UI.Xaml.Automation,winrt-Microsoft.WindowsAppSDK.WinUI,>=4!2.5.1
winui3-Microsoft.UI.Xaml.Automation.Peers,winrt-Microsoft.WindowsAppSDK.WinUI,>=4!2.5.1
winui3-Microsoft.UI.Xaml.Automation.Provider,winrt-Microsoft.WindowsAppSDK.WinUI,>=4!2.5.1
winui3-Microsoft.UI.Xaml.Automation.Text,winrt-Microsoft.WindowsAppSDK.WinUI,>=4!2.5.1
winui3-Microsoft.UI.Xaml.Controls,winrt-Microsoft.WindowsAppSDK.WinUI,>=4!2.5.1
winui3-Microsoft.UI.Xaml.Controls.AnimatedVisuals,winrt-Microsoft.WindowsAppSDK.WinUI,>=4!2.5.1
winui3-Microsoft.UI.Xaml.Controls.Primitives,winrt-Microsoft.WindowsAppSDK.WinUI,>=4!2.5.1
winui3-Microsoft.UI.Xaml.Data,winrt-Microsoft.WindowsAppSDK.WinUI,>=4!2.5.1
winui3-Microsoft.UI.Xaml.Documents,winrt-Microsoft.WindowsAppSDK.WinUI,>=4!2.5.1
winui3-Microsoft.UI.Xaml.Hosting,winrt-Microsoft.WindowsAppSDK.WinUI,>=4!2.5.1
winui3-Microsoft.UI.Xaml.Input,winrt-Microsoft.WindowsAppSDK.WinUI,>=4!2.5.1
winui3-Microsoft.UI.Xaml.Interop,winrt-Microsoft.WindowsAppSDK.WinUI,>=4!2.5.1
winui3-Microsoft.UI.Xaml.Markup,winrt-Microsoft.WindowsAppSDK.WinUI,>=4!2.5.1
winui3-Microsoft.UI.Xaml.Media,winrt-Microsoft.WindowsAppSDK.WinUI,>=4!2.5.1
winui3-Microsoft.UI.Xaml.Media.Animation,winrt-Microsoft.WindowsAppSDK.WinUI,>=4!2.5.1
winui3-Microsoft.UI.Xaml.Media.Imaging,winrt-Microsoft.WindowsAppSDK.WinUI,>=4!2.5.1
winui3-Microsoft.UI.Xaml.Media.Media3D,winrt-Microsoft.WindowsAppSDK.WinUI,>=4!2.5.1
winui3-Microsoft.UI.Xaml.Navigation,winrt-Microsoft.WindowsAppSDK.WinUI,>=4!2.5.1
winui3-Microsoft.UI.Xaml.Printing,winrt-Microsoft.WindowsAppSDK.WinUI,>=4!2.5.1
winui3-Microsoft.UI.Xaml.Resources,winrt-Microsoft.WindowsAppSDK.WinUI,>=4!2.5.1
winui3-Microsoft.UI.Xaml.Shapes,winrt-Microsoft.WindowsAppSDK.WinUI,>=4!2.5.1
winui3-Microsoft.UI.Xaml.XamlTypeInfo,winrt-Microsoft.WindowsAppSDK.WinUI,>=4!2.5.1
winui3-Microsoft.Windows.AI,winrt-Microsoft.WindowsAppSDK.AI,>=4!2.5.1
winui3-Microsoft.Windows.AI.ContentSafety,winrt-Microsoft.WindowsAppSDK.AI,>=4!2.5.1
winui3-Microsoft.Windows.AI.Imaging,winrt-Microsoft.WindowsAppSDK.AI,>=4!2.5.1
winui3-Microsoft.Windows.AI.Text,winrt-Microsoft.WindowsAppSDK.AI,>=4!2.5.1
winui3-Microsoft.Windows.AppLifecycle,winrt-Microsoft.WindowsAppSDK.Foundation,>=4!2.5.1
winui3-Microsoft.Windows.AppNotifications,winrt-Microsoft.WindowsAppSDK.Foundation,>=4!2.5.1
winui3-Microsoft.Windows.AppNotifications.Builder,winrt-Microsoft.WindowsAppSDK.Foundation,>=4!2.5.1
winui3-Microsoft.Windows.ApplicationModel.Background,winrt-Microsoft.WindowsAppSDK.Foundation,>=4!2.5.1
winui3-Microsoft.Windows.ApplicationModel.Background.UniversalBGTask,winrt-Microsoft.WindowsAppSDK.Foundation,>=4!2.5.1
winui3-Microsoft.Windows.ApplicationModel.DynamicDependency,winrt-Microsoft.WindowsAppSDK.Foundation,>=4!2.5.1
winui3-Microsoft.Windows.ApplicationModel.DynamicDependency.Bootstrap,winrt-Microsoft.Windows.ApplicationModel.DynamicDependency.Bootstrap,>=4.0.0
winui3-Microsoft.Windows.ApplicationModel.Resources,winrt-Microsoft.WindowsAppSDK.Foundation,>=4!2.5.1
winui3-Microsoft.Windows.ApplicationModel.WindowsAppRuntime,winrt-Microsoft.WindowsAppSDK.Foundation,>=4!2.5.1
winui3-Microsoft.Windows.BadgeNotifications,winrt-Microsoft.WindowsAppSDK.Foundation,>=4!2.5.1
winui3-Microsoft.Windows.Globalization,winrt-Microsoft.WindowsAppSDK.Foundation,>=4!2.5.1
winui3-Microsoft.Windows.Management.Deployment,winrt-Microsoft.WindowsAppSDK.Foundation,>=4!2.5.1
winui3-Microsoft.Windows.Media.Capture,winrt-Microsoft.WindowsAppSDK.Foundation,>=4!2.5.1
winui3-Microsoft.Windows.PushNotifications,winrt-Microsoft.WindowsAppSDK.Foundation,>=4!2.5.1
winui3-Microsoft.Windows.Security.AccessControl,winrt-Microsoft.WindowsAppSDK.Foundation,>=4!2.5.1
winui3-Microsoft.Windows.Storage,winrt-Microsoft.WindowsAppSDK.Foundation,>=4!2.5.1
winui3-Microsoft.Windows.System,winrt-Microsoft.WindowsAppSDK.Foundation,>=4!2.5.1
winui3-Microsoft.Windows.System.Power,winrt-Microsoft.WindowsAppSDK.Foundation,>=4!2.5.1
winui3-Microsoft.Windows.Widgets,winrt-Microsoft.WindowsAppSDK.Widgets,>=4!2.5.1
winui3-Microsoft.Windows.Widgets.Feeds.Providers,winrt-Microsoft.WindowsAppSDK.Widgets,>=4!2.5.1
winui3-Microsoft.Windows.Widgets.Notifications,winrt-Microsoft.WindowsAppSDK.Widgets,>=4!2.5.1
winui3-Microsoft.Windows.Widgets.Providers,winrt-Microsoft.WindowsAppSDK.Widgets,>=4!2.5.1
winui3-Microsoft.Windows.Workloads,winrt-Microsoft.WindowsAppSDK.AI,>=4!2.5.1
