module,type,property
winrt.microsoft.security.authentication.oauth,TokenFailure,error_code
winrt.microsoft.ui.composition,CompositionEffectFactory,extended_error
winrt.microsoft.ui.xaml,UnhandledExceptionEventArgs,exception
winrt.microsoft.ui.xaml.controls,CoreWebView2InitializedEventArgs,exception
winrt.microsoft.ui.xaml.navigation,NavigationFailedEventArgs,exception
winrt.microsoft.windows.ai,AIFeatureReadyResult,error
winrt.microsoft.windows.ai,AIFeatureReadyResult,extended_error
winrt.microsoft.windows.ai.machinelearning,CatalogModelInstanceResult,extended_error
winrt.microsoft.windows.ai.machinelearning,ExecutionProviderReadyResult,extended_error
winrt.microsoft.windows.ai.text,GenerateStructuredJsonResponseResult,extended_error
winrt.microsoft.windows.ai.text,LanguageModelEmbeddingVectorResult,extended_error
winrt.microsoft.windows.ai.text,LanguageModelLowRankAdapterResult,extended_error
winrt.microsoft.windows.ai.text,LanguageModelResponseResult,extended_error
winrt.microsoft.windows.ai.text,TextToTableResponseResult,extended_error
winrt.microsoft.windows.applicationmodel.windowsappruntime,DeploymentResult,extended_error
winrt.microsoft.windows.management.deployment,PackageDeploymentResult,error
winrt.microsoft.windows.management.deployment,PackageDeploymentResult,extended_error
winrt.microsoft.windows.pushnotifications,PushNotificationCreateChannelResult,extended_error
winrt.microsoft.windows.pushnotifications,PushNotificationCreateChannelStatus,extended_error
winrt.microsoft.windows.search.appcontentindex,ContentItemStatusResult,extended_error
winrt.microsoft.windows.search.appcontentindex,DeleteIndexResult,extended_error
winrt.microsoft.windows.search.appcontentindex,GetOrCreateIndexResult,extended_error
winrt.microsoft.windows.search.appcontentindex,IndexCapabilityState,extended_error
winrt.windows.ai.actions,ActionInvocationContext,extended_error
winrt.windows.applicationmodel,FullTrustProcessLaunchResult,extended_error
winrt.windows.applicationmodel,PackageCatalogAddOptionalPackageResult,extended_error
winrt.windows.applicationmodel,PackageCatalogAddResourcePackageResult,extended_error
winrt.windows.applicationmodel,PackageCatalogRemoveOptionalPackagesResult,extended_error
winrt.windows.applicationmodel,PackageCatalogRemoveResourcePackagesResult,extended_error
winrt.windows.applicationmodel,PackageContentGroupStagingEventArgs,error_code
winrt.windows.applicationmodel,PackageInstallingEventArgs,error_code
winrt.windows.applicationmodel,PackageStagingEventArgs,error_code
winrt.windows.applicationmodel,PackageUninstallingEventArgs,error_code
winrt.windows.applicationmodel,PackageUpdateAvailabilityResult,extended_error
winrt.windows.applicationmodel,PackageUpdatingEventArgs,error_code
winrt.windows.applicationmodel.datatransfer,TransferTargetInvokeResult,extended_error
winrt.windows.applicationmodel.store.licensemanagement,LicenseSatisfactionResult,extended_error
winrt.windows.applicationmodel.store.preview.installcontrol,AppInstallStatus,error_code
winrt.windows.devices.display.core,DisplayManagerResultWithState,extended_error_code
winrt.windows.devices.display.core,DisplayStateOperationResult,extended_error_code
winrt.windows.devices.printers,IppAttributeError,extended_error
winrt.windows.devices.printers,IppPrintDeviceInstallationResult,extended_error
winrt.windows.devices.printers,ReplaceDevicePropertiesResult,extended_error
winrt.windows.devices.printers,VirtualPrinterInstallationResult,extended_error
winrt.windows.devices.sms,DeleteSmsMessageOperation,error_code
winrt.windows.devices.sms,DeleteSmsMessagesOperation,error_code
winrt.windows.devices.sms,GetSmsDeviceOperation,error_code
winrt.windows.devices.sms,GetSmsMessageOperation,error_code
winrt.windows.devices.sms,GetSmsMessagesOperation,error_code
winrt.windows.devices.sms,SendSmsMessageOperation,error_code
winrt.windows.foundation,IAsyncInfo,error_code
winrt.windows.graphics.printing.printsupport,PrintSupportCommunicationErrorDetectedEventArgs,extended_error
winrt.windows.graphics.printing.printticket,WorkflowPrintTicketValidationResult,extended_error
winrt.windows.graphics.printing.workflow,PrintWorkflowJobIssueDetectedEventArgs,extended_error
winrt.windows.management,MdmSession,extended_error
winrt.windows.management.deployment,CreateSharedPackageContainerResult,extended_error
winrt.windows.management.deployment,DeleteSharedPackageContainerResult,extended_error
winrt.windows.management.deployment,DeploymentResult,extended_error_code
winrt.windows.management.deployment,UpdateSharedPackageContainerResult,extended_error
winrt.windows.management.update,WindowsUpdateActionCompletedEventArgs,extended_error
winrt.windows.management.update,WindowsUpdateActionResult,extended_error
winrt.windows.management.update,WindowsUpdateScanCompletedEventArgs,extended_error
winrt.windows.media,MediaTimelineControllerFailedEventArgs,extended_error
winrt.windows.media.apprecording,AppRecordingResult,extended_error
winrt.windows.media.apprecording,AppRecordingSaveScreenshotResult,extended_error
winrt.windows.media.audio,AudioPlaybackConnectionOpenResult,extended_error
winrt.windows.media.audio,CreateAudioDeviceInputNodeResult,extended_error
winrt.windows.media.audio,CreateAudioDeviceOutputNodeResult,extended_error
winrt.windows.media.audio,CreateAudioFileInputNodeResult,extended_error
winrt.windows.media.audio,CreateAudioFileOutputNodeResult,extended_error
winrt.windows.media.audio,CreateAudioGraphResult,extended_error
winrt.windows.media.audio,CreateMediaSourceAudioInputNodeResult,extended_error
winrt.windows.media.core,AudioTrackOpenFailedEventArgs,extended_error
winrt.windows.media.core,MediaSourceError,extended_error
winrt.windows.media.core,TimedMetadataTrackError,extended_error
winrt.windows.media.core,VideoTrackOpenFailedEventArgs,extended_error
winrt.windows.media.miracast,MiracastReceiverApplySettingsResult,extended_error
winrt.windows.media.miracast,MiracastReceiverSessionStartResult,extended_error
winrt.windows.media.playback,MediaPlaybackItemError,extended_error
winrt.windows.media.playback,MediaPlayerFailedEventArgs,extended_error_code
winrt.windows.media.streaming.adaptive,AdaptiveMediaSourceCreationResult,extended_error
winrt.windows.media.streaming.adaptive,AdaptiveMediaSourceDiagnosticAvailableEventArgs,extended_error
winrt.windows.media.streaming.adaptive,AdaptiveMediaSourceDownloadFailedEventArgs,extended_error
winrt.windows.security.authentication.onlineid,OnlineIdSystemTicketResult,extended_error
winrt.windows.security.authentication.onlineid,SignOutUserOperation,error_code
winrt.windows.security.authentication.onlineid,UserAuthenticationOperation,error_code
winrt.windows.security.isolation,IsolatedWindowsEnvironmentCreateResult,extended_error
winrt.windows.security.isolation,IsolatedWindowsEnvironmentLaunchFileResult,extended_error
winrt.windows.security.isolation,IsolatedWindowsEnvironmentOwnerRegistrationResult,extended_error
winrt.windows.security.isolation,IsolatedWindowsEnvironmentPostMessageResult,extended_error
winrt.windows.security.isolation,IsolatedWindowsEnvironmentShareFileResult,extended_error
winrt.windows.security.isolation,IsolatedWindowsEnvironmentShareFolderResult,extended_error
winrt.windows.security.isolation,IsolatedWindowsEnvironmentStartProcessResult,extended_error
winrt.windows.services.store,StoreAcquireLicenseResult,extended_error
winrt.windows.services.store,StoreCanAcquireLicenseResult,extended_error
winrt.windows.services.store,StoreConsumableResult,extended_error
winrt.windows.services.store,StoreProductPagedQueryResult,extended_error
winrt.windows.services.store,StoreProductQueryResult,extended_error
winrt.windows.services.store,StoreProductResult,extended_error
winrt.windows.services.store,StorePurchaseResult,extended_error
winrt.windows.services.store,StoreQueueItemStatus,extended_error
winrt.windows.services.store,StoreRateAndReviewResult,extended_error
winrt.windows.services.store,StoreSendRequestResult,extended_error
winrt.windows.services.store,StoreUninstallStorePackageResult,extended_error
winrt.windows.storage.streams,DataReaderLoadOperation,error_code
winrt.windows.storage.streams,DataWriterStoreOperation,error_code
winrt.windows.system,AppActivationResult,extended_error
winrt.windows.system,AppExecutionStateChangeResult,extended_error
winrt.windows.system.diagnostics,DiagnosticActionResult,extended_error
winrt.windows.system.update,SystemUpdateItem,extended_error
winrt.windows.system.update,SystemUpdateLastErrorInfo,extended_error
winrt.windows.system.update,SystemUpdateManager_Static,extended_error
winrt.windows.ui.composition,CompositionEffectFactory,extended_error
winrt.windows.ui.notifications,ToastFailedEventArgs,error_code
winrt.windows.ui.shell.companionwindows,CompanionWindowRequestResult,extended_error
winrt.windows.ui.uiautomation.core,AutomationRemoteOperationResult,extended_error
winrt.windows.ui.xaml,UnhandledExceptionEventArgs,exception
winrt.windows.ui.xaml.media,PartialMediaFailureDetectedEventArgs,extended_error
winrt.windows.ui.xaml.navigation,NavigationFailedEventArgs,exception
winrt.windows.web.http,HttpGetBufferResult,extended_error
winrt.windows.web.http,HttpGetInputStreamResult,extended_error
winrt.windows.web.http,HttpGetStringResult,extended_error
winrt.windows.web.http,HttpRequestResult,extended_error
winui2.microsoft.ui.xaml.controls,CoreWebView2InitializedEventArgs,exception
